well_id,formation,top_depth_m,bottom_depth_m
W-101,Alluvium,0,399
W-101,Namsang,399,876
W-101,Girujan,876,1893
W-101,Tipam,1893,2628
W-101,Barail,2628,3167
W-101,Kopili,3167,3470
W-102,Alluvium,0,378
W-102,Namsang,378,910
W-102,Girujan,910,1936
W-102,Tipam,1936,2620
W-102,Barail,2620,3137
W-102,Kopili,3137,3381
W-103,Alluvium,0,371
W-103,Namsang,371,918
W-103,Girujan,918,1905
W-103,Tipam,1905,2653
W-103,Barail,2653,3168
W-103,Kopili,3168,3467
W-104,Alluvium,0,423
W-104,Namsang,423,975
W-104,Girujan,975,1975
W-104,Tipam,1975,2718
W-104,Barail,2718,3204
W-104,Kopili,3204,3460
W-105,Alluvium,0,410
W-105,Namsang,410,929
W-105,Girujan,929,1911
W-105,Tipam,1911,2611
W-105,Barail,2611,3198
W-105,Kopili,3198,3454
W-106,Alluvium,0,318
W-106,Namsang,318,838
W-106,Girujan,838,1861
W-106,Tipam,1861,2558
W-106,Barail,2558,3110
W-106,Kopili,3110,3394
W-107,Alluvium,0,401
W-107,Namsang,401,956
W-107,Girujan,956,1965
W-107,Tipam,1965,2613
W-107,Barail,2613,3191
W-107,Kopili,3191,3414
W-108,Alluvium,0,365
W-108,Namsang,365,856
W-108,Girujan,856,1902
W-108,Tipam,1902,2535
W-108,Barail,2535,3119
W-108,Kopili,3119,3335
W-109,Alluvium,0,349
W-109,Namsang,349,870
W-109,Girujan,870,1867
W-109,Tipam,1867,2600
W-109,Barail,2600,3124
W-109,Kopili,3124,3391
W-110,Alluvium,0,434
W-110,Namsang,434,975
W-110,Girujan,975,1988
W-110,Tipam,1988,2661
W-110,Barail,2661,3225
W-110,Kopili,3225,3431
W-111,Alluvium,0,368
W-111,Namsang,368,926
W-111,Girujan,926,1925
W-111,Tipam,1925,2605
W-111,Barail,2605,3197
W-111,Kopili,3197,3494
W-112,Alluvium,0,360
W-112,Namsang,360,916
W-112,Girujan,916,1897
W-112,Tipam,1897,2589
W-112,Barail,2589,3147
W-112,Kopili,3147,3365
W-113,Alluvium,0,349
W-113,Namsang,349,934
W-113,Girujan,934,1901
W-113,Tipam,1901,2615
W-113,Barail,2615,3207
W-113,Kopili,3207,3421
W-114,Alluvium,0,277
W-114,Namsang,277,808
W-114,Girujan,808,1824
W-114,Tipam,1824,2553
W-114,Barail,2553,3039
W-114,Kopili,3039,3292
W-115,Alluvium,0,293
W-115,Namsang,293,881
W-115,Girujan,881,1866
W-115,Tipam,1866,2585
W-115,Barail,2585,3129
W-115,Kopili,3129,3350
W-ACT,Alluvium,0,395
W-ACT,Namsang,395,899
W-ACT,Girujan,899,1880
W-ACT,Tipam,1880,2610
W-ACT,Barail,2610,3161
W-ACT,Kopili,3161,3382
