well_id,well_name,latitude,longitude,total_depth_m,status,spud_year,current_depth_m,data_type
W-101,NHK-101,27.25224,95.32172,3470,Completed,2015,3470,SYNTHETIC
W-102,NHK-102,27.28005,95.30723,3381,Completed,2016,3381,SYNTHETIC
W-103,NHK-103,27.34015,95.31915,3467,Completed,2022,3467,SYNTHETIC
W-104,NHK-104,27.31761,95.35466,3460,Completed,2014,3460,SYNTHETIC
W-105,NHK-105,27.27705,95.32735,3454,Completed,2009,3454,SYNTHETIC
W-106,NHK-106,27.31922,95.26218,3394,Completed,2018,3394,SYNTHETIC
W-107,NHK-107,27.33089,95.34189,3414,Completed,2022,3414,SYNTHETIC
W-108,NHK-108,27.26397,95.28131,3335,Completed,2008,3335,SYNTHETIC
W-109,NHK-109,27.25597,95.28266,3391,Completed,2009,3391,SYNTHETIC
W-110,NHK-110,27.30545,95.36057,3431,Completed,2021,3431,SYNTHETIC
W-111,NHK-111,27.26029,95.3298,3494,Completed,2015,3494,SYNTHETIC
W-112,NHK-112,27.27648,95.29983,3365,Completed,2023,3365,SYNTHETIC
W-113,NHK-113,27.33002,95.32074,3421,Completed,2013,3421,SYNTHETIC
W-114,NHK-114,27.28933,95.2431,3292,Completed,2021,3292,SYNTHETIC
W-115,NHK-115,27.27154,95.2826,3350,Completed,2017,3350,SYNTHETIC
W-ACT,NHK-ACTIVE,27.305,95.305,3382,Active,2026,2450,SYNTHETIC
