well_id,formation,top_depth_m,bottom_depth_m,data_origin
W-101,Alluvium,0,399,SYNTHETIC
W-101,Namsang,399,876,SYNTHETIC
W-101,Girujan,876,1893,SYNTHETIC
W-101,Tipam,1893,2628,SYNTHETIC
W-101,Barail,2628,3167,SYNTHETIC
W-101,Kopili,3167,3470,SYNTHETIC
W-102,Alluvium,0,378,SYNTHETIC
W-102,Namsang,378,910,SYNTHETIC
W-102,Girujan,910,1936,SYNTHETIC
W-102,Tipam,1936,2620,SYNTHETIC
W-102,Barail,2620,3137,SYNTHETIC
W-102,Kopili,3137,3381,SYNTHETIC
W-103,Alluvium,0,371,SYNTHETIC
W-103,Namsang,371,918,SYNTHETIC
W-103,Girujan,918,1905,SYNTHETIC
W-103,Tipam,1905,2653,SYNTHETIC
W-103,Barail,2653,3168,SYNTHETIC
W-103,Kopili,3168,3467,SYNTHETIC
W-104,Alluvium,0,423,SYNTHETIC
W-104,Namsang,423,975,SYNTHETIC
W-104,Girujan,975,1975,SYNTHETIC
W-104,Tipam,1975,2718,SYNTHETIC
W-104,Barail,2718,3204,SYNTHETIC
W-104,Kopili,3204,3460,SYNTHETIC
W-105,Alluvium,0,410,SYNTHETIC
W-105,Namsang,410,929,SYNTHETIC
W-105,Girujan,929,1911,SYNTHETIC
W-105,Tipam,1911,2611,SYNTHETIC
W-105,Barail,2611,3198,SYNTHETIC
W-105,Kopili,3198,3454,SYNTHETIC
W-106,Alluvium,0,318,SYNTHETIC
W-106,Namsang,318,838,SYNTHETIC
W-106,Girujan,838,1861,SYNTHETIC
W-106,Tipam,1861,2558,SYNTHETIC
W-106,Barail,2558,3110,SYNTHETIC
W-106,Kopili,3110,3394,SYNTHETIC
W-107,Alluvium,0,401,SYNTHETIC
W-107,Namsang,401,956,SYNTHETIC
W-107,Girujan,956,1965,SYNTHETIC
W-107,Tipam,1965,2613,SYNTHETIC
W-107,Barail,2613,3191,SYNTHETIC
W-107,Kopili,3191,3414,SYNTHETIC
W-108,Alluvium,0,365,SYNTHETIC
W-108,Namsang,365,856,SYNTHETIC
W-108,Girujan,856,1902,SYNTHETIC
W-108,Tipam,1902,2535,SYNTHETIC
W-108,Barail,2535,3119,SYNTHETIC
W-108,Kopili,3119,3335,SYNTHETIC
W-109,Alluvium,0,349,SYNTHETIC
W-109,Namsang,349,870,SYNTHETIC
W-109,Girujan,870,1867,SYNTHETIC
W-109,Tipam,1867,2600,SYNTHETIC
W-109,Barail,2600,3124,SYNTHETIC
W-109,Kopili,3124,3391,SYNTHETIC
W-110,Alluvium,0,434,SYNTHETIC
W-110,Namsang,434,975,SYNTHETIC
W-110,Girujan,975,1988,SYNTHETIC
W-110,Tipam,1988,2661,SYNTHETIC
W-110,Barail,2661,3225,SYNTHETIC
W-110,Kopili,3225,3431,SYNTHETIC
W-111,Alluvium,0,368,SYNTHETIC
W-111,Namsang,368,926,SYNTHETIC
W-111,Girujan,926,1925,SYNTHETIC
W-111,Tipam,1925,2605,SYNTHETIC
W-111,Barail,2605,3197,SYNTHETIC
W-111,Kopili,3197,3494,SYNTHETIC
W-112,Alluvium,0,360,SYNTHETIC
W-112,Namsang,360,916,SYNTHETIC
W-112,Girujan,916,1897,SYNTHETIC
W-112,Tipam,1897,2589,SYNTHETIC
W-112,Barail,2589,3147,SYNTHETIC
W-112,Kopili,3147,3365,SYNTHETIC
W-113,Alluvium,0,349,SYNTHETIC
W-113,Namsang,349,934,SYNTHETIC
W-113,Girujan,934,1901,SYNTHETIC
W-113,Tipam,1901,2615,SYNTHETIC
W-113,Barail,2615,3207,SYNTHETIC
W-113,Kopili,3207,3421,SYNTHETIC
W-114,Alluvium,0,277,SYNTHETIC
W-114,Namsang,277,808,SYNTHETIC
W-114,Girujan,808,1824,SYNTHETIC
W-114,Tipam,1824,2553,SYNTHETIC
W-114,Barail,2553,3039,SYNTHETIC
W-114,Kopili,3039,3292,SYNTHETIC
W-115,Alluvium,0,293,SYNTHETIC
W-115,Namsang,293,881,SYNTHETIC
W-115,Girujan,881,1866,SYNTHETIC
W-115,Tipam,1866,2585,SYNTHETIC
W-115,Barail,2585,3129,SYNTHETIC
W-115,Kopili,3129,3350,SYNTHETIC
ACTIVE-01,Alluvium,0,395,SYNTHETIC
ACTIVE-01,Namsang,395,899,SYNTHETIC
ACTIVE-01,Girujan,899,1880,SYNTHETIC
ACTIVE-01,Tipam,1880,2610,SYNTHETIC
ACTIVE-01,Barail,2610,3161,SYNTHETIC
ACTIVE-01,Kopili,3161,3382,SYNTHETIC
