event_id,well_id,depth,formation,event_type,event_type_raw,severity,severity_value,severity_unit,description,mitigation,outcome,npt_hours,report_no,report_date,source_document,extraction_method,data_origin
W-101-R020-1368,W-101,1368,Girujan,Wellbore Instability,wellbore_instability,tight hole,,,"at 1368m tight hole, some cavings on shaker, had to ream.","Back-reamed tight section, pumped hi-vis sweep.",Resolved,1.8,20,04-Feb-2015,W-101_DDR020_scanned.pdf,OCR + rule-based NLP,SYNTHETIC
W-101-R028-1908,W-101,1908,Tipam,Mud Loss,mud_loss,43 bbl/hr,43.0,bbl/hr,at 1908m observed losses 43 bbl/hr.,"pumped 50 bbl LCM pill (40 ppb fine+medium), reduced MW by 0.3 ppg.",Resolved,5.0,28,12-Feb-2015,W-101_DDR028.txt,text + rule-based NLP,SYNTHETIC
W-101-R045-3091,W-101,3091,Barail,Torque Spike,torque_spike,torque up to 20 kft-lbs,20.0,kft-lbs,"at 3091m erratic torque, spikes to 20 kft-lbs, stick-slip.","Reduced WOB and RPM, circulated hole clean.",Resolved,2.8,45,01-Mar-2015,W-101_DDR045.txt,text + rule-based NLP,SYNTHETIC
W-101-R049-3419,W-101,3419,Kopili,Wellbore Instability,wellbore_instability,"tight hole, heavy cavings",,,"at 3419m tight hole, heavy cavings on shaker, had to ream.","Raised MW by 0.2 ppg, added KCl/polymer inhibitor, reamed tight spots.",Resolved,2.8,49,05-Mar-2015,W-101_DDR049.txt,text + rule-based NLP,SYNTHETIC
W-102-R038-2654,W-102,2654,Barail,Mud Loss,mud_loss,44 bbl/hr,44.0,bbl/hr,"While drilling at 2,654 m the well started losing mud at approx 44 bbl/hr.","Reduced flow rate to 550 gpm, pumped 30 bbl LCM pill.",Resolved,5.1,38,22-Feb-2016,W-102_DDR038.pdf,text + rule-based NLP,SYNTHETIC
W-102-R042-2898,W-102,2898,Barail,Stuck Pipe,stuck_pipe,overpull 56 klbs,56.0,klbs,"At 2,898 m the string got stuck during a connection; we pulled 56 klbs over string weight.","Jarred up, spotted pipe-freeing pill, pipe free after 6 hrs.",Resolved,13.7,42,26-Feb-2016,W-102_DDR042.txt,text + rule-based NLP,SYNTHETIC
W-103-R022-1493,W-103,1493,Girujan,Wellbore Instability,wellbore_instability,tight hole,,,"At 1,493 m encountered tight hole with some cavings on shakers.","Raised MW by 0.2 ppg, added KCl/polymer inhibitor, reamed tight spots.",Resolved,2.5,22,06-Feb-2022,W-103_DDR022.txt,text + rule-based NLP,SYNTHETIC
W-103-R025-1724,W-103,1724,Girujan,Bit Problem,bit_problem,ROP dropped 60%,60.0,%,"From 1,724 m ROP dropped by 60% at constant WOB and RPM.","POOH, bit worn (grade 4-4), ran new PDC bit.",Resolved,3.3,25,09-Feb-2022,W-103_DDR025.txt,text + rule-based NLP,SYNTHETIC
W-103-R029-1975,W-103,1975,Tipam,Mud Loss,mud_loss,57 bbl/hr,57.0,bbl/hr,Observed partial mud losses at 57 bbl/hr.,"Reduced flow rate to 550 gpm, pumped 30 bbl LCM pill.",Resolved,6.7,29,13-Feb-2022,W-103_DDR029.txt,text + rule-based NLP,SYNTHETIC
W-103-R039-2723,W-103,2723,Barail,Mud Loss,mud_loss,31 bbl/hr,31.0,bbl/hr,Observed partial mud losses at 31 bbl/hr.,"Pumped 50 bbl LCM pill (40 ppb fine+medium), reduced MW by 0.3 ppg.",Resolved,3.6,39,23-Feb-2022,W-103_DDR039.txt,text + rule-based NLP,SYNTHETIC
W-103-R043-2985,W-103,2985,Barail,Torque Spike,torque_spike,torque up to 18 kft-lbs,18.0,kft-lbs,Torque increased erratically up to 18 kft-lbs.,"Reduced WOB and RPM, circulated hole clean.",Resolved,1.9,43,27-Feb-2022,W-103_DDR043.txt,text + rule-based NLP,SYNTHETIC
W-104-R048-3334,W-104,3334,Kopili,Wellbore Instability,wellbore_instability,tight hole,,,"At 3,334 m encountered tight hole with some cavings on shakers.","Raised MW by 0.2 ppg, added KCl/polymer inhibitor, reamed tight spots.",Resolved,1.9,48,04-Mar-2014,W-104_DDR048.txt,text + rule-based NLP,SYNTHETIC
W-105-R038-2624,W-105,2624,Barail,Mud Loss,mud_loss,28 bbl/hr,28.0,bbl/hr,"While drilling at 2,624 m the well started losing mud at approx 28 bbl/hr.","Pumped 2 LCM pills, losses continued; set cement plug.",Not resolved,3.2,38,22-Feb-2009,W-105_DDR038_scanned.pdf,OCR + rule-based NLP,SYNTHETIC
W-105-R045-3087,W-105,3087,Barail,Stuck Pipe,stuck_pipe,overpull 48 klbs,48.0,klbs,"At 3,087 m the string got stuck during a connection; we pulled 48 klbs over string weight.","Jarred up, spotted pipe-freeing pill, pipe free after 6 hrs.",Resolved,10.8,45,01-Mar-2009,W-105_DDR045_scanned.pdf,OCR + rule-based NLP,SYNTHETIC
W-105-R049-3369,W-105,3369,Kopili,Kick,kick,23 bbl pit gain,23.0,bbl pit,"At 3,369 m the ROP suddenly increased and the pits gained 23 bbl, so the well was shut in.","Shut in, driller's method, raised MW to 11.2 ppg.",Resolved,8.2,49,05-Mar-2009,W-105_DDR049.txt,text + rule-based NLP,SYNTHETIC
W-106-R015-1008,W-106,1008,Girujan,Bit Problem,bit_problem,ROP dropped 53%,53.0,%,"From 1,008 m ROP dropped by 53% at constant WOB and RPM.","Pulled out, found balled bit; changed bit, added anti-balling agent.",Resolved,2.7,15,30-Jan-2018,W-106_DDR015.txt,text + rule-based NLP,SYNTHETIC
W-106-R027-1872,W-106,1872,Tipam,Mud Loss,mud_loss,47 bbl/hr,47.0,bbl/hr,Observed partial mud losses at 47 bbl/hr.,"Pumped 2 LCM pills, losses continued; set cement plug.",Not resolved,5.4,27,11-Feb-2018,W-106_DDR027.txt,text + rule-based NLP,SYNTHETIC
W-107-R024-1675,W-107,1675,Girujan,Bit Problem,bit_problem,ROP dropped 40%,40.0,%,from 1675m ROP down 40% same WOB/RPM - bit balled?,"POOH, bit worn (grade 4-4), ran new PDC bit.",Resolved,1.8,24,08-Feb-2022,W-107_DDR024.txt,text + rule-based NLP,SYNTHETIC
W-107-R029-2000,W-107,2000,Tipam,Mud Loss,mud_loss,48 bbl/hr,48.0,bbl/hr,at 2000m observed losses 48 bbl/hr.,"pumped 2 LCM pills, losses continued; set cement plug.",Not resolved,5.7,29,13-Feb-2022,W-107_DDR029.txt,text + rule-based NLP,SYNTHETIC
W-107-R038-2645,W-107,2645,Barail,Mud Loss,mud_loss,40 bbl/hr,40.0,bbl/hr,at 2645m observed losses 40 bbl/hr.,"Reduced flow rate to 550 gpm, pumped 30 bbl LCM pill.",Resolved,4.6,38,22-Feb-2022,W-107_DDR038.txt,text + rule-based NLP,SYNTHETIC
W-109-R019-1278,W-109,1278,Girujan,Wellbore Instability,wellbore_instability,"tight hole, heavy cavings",,,"at 1278m tight hole, heavy cavings on shaker, had to ream.","Back-reamed tight section, pumped hi-vis sweep.",Resolved,3.4,19,03-Feb-2009,W-109_DDR019.txt,text + rule-based NLP,SYNTHETIC
W-109-R023-1541,W-109,1541,Girujan,Bit Problem,bit_problem,ROP dropped 40%,40.0,%,from 1541m ROP down 40% same WOB/RPM - bit balled?,"POOH, bit worn (grade 4-4), ran new PDC bit.",Resolved,1.8,23,07-Feb-2009,W-109_DDR023.txt,text + rule-based NLP,SYNTHETIC
W-110-R023-1545,W-110,1545,Girujan,Wellbore Instability,wellbore_instability,"tight hole, heavy cavings",,,"Around 1,545 m the hole became tight and we saw heavy cavings coming over the shakers.","Raised MW by 0.2 ppg, added KCl/polymer inhibitor, reamed tight spots.",Resolved,3.0,23,07-Feb-2021,W-110_DDR023.txt,text + rule-based NLP,SYNTHETIC
W-110-R030-2044,W-110,2044,Tipam,Mud Loss,mud_loss,38 bbl/hr,38.0,bbl/hr,"While drilling at 2,044 m the well started losing mud at approx 38 bbl/hr.","Pumped 2 LCM pills, losses continued; set cement plug.",Not resolved,4.5,30,14-Feb-2021,W-110_DDR030.txt,text + rule-based NLP,SYNTHETIC
W-110-R039-2701,W-110,2701,Barail,Mud Loss,mud_loss,58 bbl/hr,58.0,bbl/hr,"While drilling at 2,701 m the well started losing mud at approx 58 bbl/hr.","Pumped 50 bbl LCM pill (40 ppb fine+medium), reduced MW by 0.3 ppg.",Resolved,6.9,39,23-Feb-2021,W-110_DDR039.txt,text + rule-based NLP,SYNTHETIC
W-110-R044-3059,W-110,3059,Barail,Torque Spike,torque_spike,torque up to 19 kft-lbs,19.0,kft-lbs,"Near 3,059 m the torque started jumping, reaching 19 kft-lbs.","Added lubricant (2%) to mud, torque normalised.",Resolved,2.5,44,28-Feb-2021,W-110_DDR044.txt,text + rule-based NLP,SYNTHETIC
W-110-R048-3356,W-110,3356,Kopili,Kick,kick,19 bbl pit gain,19.0,bbl pit,"At 3,356 m the ROP suddenly increased and the pits gained 19 bbl, so the well was shut in.","Shut in well, circulated out kick with 0.5 ppg heavier kill mud.",Resolved,6.6,48,04-Mar-2021,W-110_DDR048.txt,text + rule-based NLP,SYNTHETIC
W-111-R024-1628,W-111,1628,Girujan,Wellbore Instability,wellbore_instability,tight hole,,,"at 1628m tight hole, some cavings on shaker, had to ream.","Raised MW by 0.2 ppg, added KCl/polymer inhibitor, reamed tight spots.",Resolved,2.2,24,08-Feb-2015,W-111_DDR024.txt,text + rule-based NLP,SYNTHETIC
W-111-R038-2657,W-111,2657,Barail,Mud Loss,mud_loss,47 bbl/hr,47.0,bbl/hr,at 2657m observed losses 47 bbl/hr.,"pumped 2 LCM pills, losses continued; set cement plug.",Not resolved,5.5,38,22-Feb-2015,W-111_DDR038.txt,text + rule-based NLP,SYNTHETIC
W-112-R038-2650,W-112,2650,Barail,Stuck Pipe,stuck_pipe,overpull 42 klbs,42.0,klbs,"While making connection at 2,650 m, pipe stuck.","Could not free pipe, backed off and fished; sidetracked.",Not resolved,8.9,38,22-Feb-2023,W-112_DDR038.txt,text + rule-based NLP,SYNTHETIC
W-112-R042-2929,W-112,2929,Barail,Torque Spike,torque_spike,torque up to 23 kft-lbs,23.0,kft-lbs,Torque increased erratically up to 23 kft-lbs.,"Reduced WOB and RPM, circulated hole clean.",Resolved,3.8,42,26-Feb-2023,W-112_DDR042.txt,text + rule-based NLP,SYNTHETIC
W-112-R046-3189,W-112,3189,Kopili,Wellbore Instability,wellbore_instability,"tight hole, heavy cavings",,,"At 3,189 m encountered tight hole with heavy cavings on shakers.","Raised MW by 0.2 ppg, added KCl/polymer inhibitor, reamed tight spots.",Resolved,2.5,46,02-Mar-2023,W-112_DDR046_scanned.pdf,OCR + rule-based NLP,SYNTHETIC
W-113-R016-1111,W-113,1111,Girujan,Wellbore Instability,wellbore_instability,"tight hole, heavy cavings",,,"Around 1,111 m the hole became tight and we saw heavy cavings coming over the shakers.","Back-reamed tight section, pumped hi-vis sweep.",Resolved,3.4,16,31-Jan-2013,W-113_DDR016.pdf,text + rule-based NLP,SYNTHETIC
W-113-R028-1946,W-113,1946,Tipam,Mud Loss,mud_loss,57 bbl/hr,57.0,bbl/hr,"While drilling at 1,946 m the well started losing mud at approx 57 bbl/hr.","Reduced flow rate to 550 gpm, pumped 30 bbl LCM pill.",Resolved,6.7,28,12-Feb-2013,W-113_DDR028.pdf,text + rule-based NLP,SYNTHETIC
W-113-R038-2595,W-113,2595,Tipam,Cementing Issue,cementing_issue,poor CBL,,,"The cement bond log run on the 9 5/8"" casing (shoe at 2,595 m) showed a poor bond.",Squeeze cement job performed after poor CBL.,Resolved,11.0,38,22-Feb-2013,W-113_DDR038.txt,text + rule-based NLP,SYNTHETIC
W-113-R039-2690,W-113,2690,Barail,Mud Loss,mud_loss,32 bbl/hr,32.0,bbl/hr,"While drilling at 2,690 m the well started losing mud at approx 32 bbl/hr.","Pumped 2 LCM pills, losses continued; set cement plug.",Not resolved,3.7,39,23-Feb-2013,W-113_DDR039.txt,text + rule-based NLP,SYNTHETIC
W-113-R045-3143,W-113,3143,Barail,Torque Spike,torque_spike,torque up to 23 kft-lbs,23.0,kft-lbs,"Near 3,143 m the torque started jumping, reaching 23 kft-lbs.","Added lubricant (2%) to mud, torque normalised.",Resolved,3.9,45,01-Mar-2013,W-113_DDR045.txt,text + rule-based NLP,SYNTHETIC
W-114-R017-1136,W-114,1136,Girujan,Wellbore Instability,wellbore_instability,"tight hole, heavy cavings",,,"Around 1,136 m the hole became tight and we saw heavy cavings coming over the shakers.","Back-reamed tight section, pumped hi-vis sweep.",Resolved,2.9,17,01-Feb-2021,W-114_DDR017.txt,text + rule-based NLP,SYNTHETIC
W-114-R027-1851,W-114,1851,Tipam,Mud Loss,mud_loss,37 bbl/hr,37.0,bbl/hr,"While drilling at 1,851 m the well started losing mud at approx 37 bbl/hr.","Pumped 2 LCM pills, losses continued; set cement plug.",Not resolved,4.2,27,11-Feb-2021,W-114_DDR027.txt,text + rule-based NLP,SYNTHETIC
W-114-R040-2759,W-114,2759,Barail,Torque Spike,torque_spike,torque up to 23 kft-lbs,23.0,kft-lbs,"Near 2,759 m the torque started jumping, reaching 23 kft-lbs.","Added lubricant (2%) to mud, torque normalised.",Resolved,3.9,40,24-Feb-2021,W-114_DDR040.txt,text + rule-based NLP,SYNTHETIC
W-114-R044-3075,W-114,3075,Kopili,Wellbore Instability,wellbore_instability,"tight hole, heavy cavings",,,"Around 3,075 m the hole became tight and we saw heavy cavings coming over the shakers.","Raised MW by 0.2 ppg, added KCl/polymer inhibitor, reamed tight spots.",Resolved,3.3,44,28-Feb-2021,W-114_DDR044.txt,text + rule-based NLP,SYNTHETIC
W-115-R021-1433,W-115,1433,Girujan,Bit Problem,bit_problem,ROP dropped 53%,53.0,%,from 1433m ROP down 53% same WOB/RPM - bit balled?,"Pulled out, found balled bit; changed bit, added anti-balling agent.",Resolved,2.8,21,05-Feb-2017,W-115_DDR021.txt,text + rule-based NLP,SYNTHETIC
W-115-R028-1930,W-115,1930,Tipam,Mud Loss,mud_loss,27 bbl/hr,27.0,bbl/hr,at 1930m observed losses 27 bbl/hr.,"Reduced flow rate to 550 gpm, pumped 30 bbl LCM pill.",Resolved,3.2,28,12-Feb-2017,W-115_DDR028.txt,text + rule-based NLP,SYNTHETIC
W-115-R047-3278,W-115,3278,Kopili,Kick,kick,18 bbl pit gain,18.0,bbl pit,"at 3278m drilling break, flow check positive, 18 bbl gain in pits.","shut in well on BOP. Shut in well, circulated out kick with 0.5 ppg heavier kill mud.",Resolved,6.3,47,03-Mar-2017,W-115_DDR047.txt,text + rule-based NLP,SYNTHETIC
