well_id,event_type,top_m,bottom_m
ACTIVE-01,wellbore_instability,1464,1477
ACTIVE-01,bit_problem,1533,1566
ACTIVE-01,mud_loss,1940,1955
ACTIVE-01,mud_loss,2685,2693
ACTIVE-01,torque_spike,2934,2940
ACTIVE-01,wellbore_instability,3313,3323
W-101,wellbore_instability,1368,1383
W-101,mud_loss,1908,1918
W-101,torque_spike,3091,3099
W-101,wellbore_instability,3419,3428
W-102,mud_loss,2654,2671
W-102,stuck_pipe,2898,2909
W-103,wellbore_instability,1493,1506
W-103,bit_problem,1724,1764
W-103,mud_loss,1975,1989
W-103,mud_loss,2723,2740
W-103,torque_spike,2985,2997
W-104,wellbore_instability,3334,3352
W-105,mud_loss,2624,2642
W-105,stuck_pipe,3087,3095
W-105,kick,3369,3383
W-106,bit_problem,1008,1061
W-106,mud_loss,1872,1883
W-107,bit_problem,1675,1708
W-107,mud_loss,2000,2012
W-107,mud_loss,2645,2657
W-109,wellbore_instability,1278,1294
W-109,bit_problem,1541,1590
W-110,wellbore_instability,1545,1562
W-110,mud_loss,2044,2062
W-110,mud_loss,2701,2718
W-110,torque_spike,3059,3070
W-110,kick,3356,3375
W-111,wellbore_instability,1628,1634
W-111,mud_loss,2657,2669
W-112,stuck_pipe,2650,2657
W-112,torque_spike,2929,2942
W-112,wellbore_instability,3189,3207
W-113,wellbore_instability,1111,1119
W-113,mud_loss,1946,1961
W-113,mud_loss,2690,2698
W-113,torque_spike,3143,3158
W-114,wellbore_instability,1136,1146
W-114,mud_loss,1851,1860
W-114,torque_spike,2759,2766
W-114,wellbore_instability,3075,3087
W-115,bit_problem,1433,1488
W-115,mud_loss,1930,1941
W-115,kick,3278,3292
