event_id,well_id,depth_m,formation,event_type,severity,npt_hours,mitigation,mitigation_worked,source
W-101-E1,W-101,1368,Girujan,wellbore_instability,tight hole,1.8,"Back-reamed tight section, pumped hi-vis sweep",Yes,DDR #20 (synthetic)
W-101-E2,W-101,1908,Tipam,mud_loss,43 bbl/hr,5.0,"Pumped 50 bbl LCM pill (40 ppb fine+medium), reduced MW by 0.3 ppg",Yes,DDR #28 (synthetic)
W-101-E3,W-101,3091,Barail,torque_spike,torque up to 20 kft-lbs,2.8,"Reduced WOB and RPM, circulated hole clean",Yes,DDR #45 (synthetic)
W-101-E4,W-101,3419,Kopili,wellbore_instability,"tight hole, heavy cavings",2.8,"Raised MW by 0.2 ppg, added KCl/polymer inhibitor, reamed tight spots",Yes,DDR #49 (synthetic)
W-102-E1,W-102,2654,Barail,mud_loss,44 bbl/hr,5.1,"Reduced flow rate to 550 gpm, pumped 30 bbl LCM pill",Yes,DDR #38 (synthetic)
W-102-E2,W-102,2898,Barail,stuck_pipe,overpull 56 klbs,13.7,"Jarred up, spotted pipe-freeing pill, pipe free after 6 hrs",Yes,DDR #42 (synthetic)
W-103-E1,W-103,1493,Girujan,wellbore_instability,tight hole,2.5,"Raised MW by 0.2 ppg, added KCl/polymer inhibitor, reamed tight spots",Yes,DDR #22 (synthetic)
W-103-E2,W-103,1724,Girujan,bit_problem,ROP dropped 60%,3.3,"POOH, bit worn (grade 4-4), ran new PDC bit",Yes,DDR #25 (synthetic)
W-103-E3,W-103,1975,Tipam,mud_loss,57 bbl/hr,6.7,"Reduced flow rate to 550 gpm, pumped 30 bbl LCM pill",Yes,DDR #29 (synthetic)
W-103-E4,W-103,2723,Barail,mud_loss,31 bbl/hr,3.6,"Pumped 50 bbl LCM pill (40 ppb fine+medium), reduced MW by 0.3 ppg",Yes,DDR #39 (synthetic)
W-103-E5,W-103,2985,Barail,torque_spike,torque up to 18 kft-lbs,1.9,"Reduced WOB and RPM, circulated hole clean",Yes,DDR #43 (synthetic)
W-104-E1,W-104,3334,Kopili,wellbore_instability,tight hole,1.9,"Raised MW by 0.2 ppg, added KCl/polymer inhibitor, reamed tight spots",Yes,DDR #48 (synthetic)
W-105-E1,W-105,2624,Barail,mud_loss,28 bbl/hr,3.2,"Pumped 2 LCM pills, losses continued; set cement plug",No,DDR #38 (synthetic)
W-105-E2,W-105,3087,Barail,stuck_pipe,overpull 48 klbs,10.8,"Jarred up, spotted pipe-freeing pill, pipe free after 6 hrs",Yes,DDR #45 (synthetic)
W-105-E3,W-105,3369,Kopili,kick,23 bbl pit gain,8.2,"Shut in, driller's method, raised MW to 11.2 ppg",Yes,DDR #49 (synthetic)
W-106-E1,W-106,1008,Girujan,bit_problem,ROP dropped 53%,2.7,"Pulled out, found balled bit; changed bit, added anti-balling agent",Yes,DDR #15 (synthetic)
W-106-E2,W-106,1872,Tipam,mud_loss,47 bbl/hr,5.4,"Pumped 2 LCM pills, losses continued; set cement plug",No,DDR #27 (synthetic)
W-107-E1,W-107,1675,Girujan,bit_problem,ROP dropped 40%,1.8,"POOH, bit worn (grade 4-4), ran new PDC bit",Yes,DDR #24 (synthetic)
W-107-E2,W-107,2000,Tipam,mud_loss,48 bbl/hr,5.7,"Pumped 2 LCM pills, losses continued; set cement plug",No,DDR #29 (synthetic)
W-107-E3,W-107,2645,Barail,mud_loss,40 bbl/hr,4.6,"Reduced flow rate to 550 gpm, pumped 30 bbl LCM pill",Yes,DDR #38 (synthetic)
W-109-E1,W-109,1278,Girujan,wellbore_instability,"tight hole, heavy cavings",3.4,"Back-reamed tight section, pumped hi-vis sweep",Yes,DDR #19 (synthetic)
W-109-E2,W-109,1541,Girujan,bit_problem,ROP dropped 40%,1.8,"POOH, bit worn (grade 4-4), ran new PDC bit",Yes,DDR #23 (synthetic)
W-110-E1,W-110,1545,Girujan,wellbore_instability,"tight hole, heavy cavings",3.0,"Raised MW by 0.2 ppg, added KCl/polymer inhibitor, reamed tight spots",Yes,DDR #23 (synthetic)
W-110-E2,W-110,2044,Tipam,mud_loss,38 bbl/hr,4.5,"Pumped 2 LCM pills, losses continued; set cement plug",No,DDR #30 (synthetic)
W-110-E3,W-110,2701,Barail,mud_loss,58 bbl/hr,6.9,"Pumped 50 bbl LCM pill (40 ppb fine+medium), reduced MW by 0.3 ppg",Yes,DDR #39 (synthetic)
W-110-E4,W-110,3059,Barail,torque_spike,torque up to 19 kft-lbs,2.5,"Added lubricant (2%) to mud, torque normalised",Yes,DDR #44 (synthetic)
W-110-E5,W-110,3356,Kopili,kick,19 bbl pit gain,6.6,"Shut in well, circulated out kick with 0.5 ppg heavier kill mud",Yes,DDR #48 (synthetic)
W-111-E1,W-111,1628,Girujan,wellbore_instability,tight hole,2.2,"Raised MW by 0.2 ppg, added KCl/polymer inhibitor, reamed tight spots",Yes,DDR #24 (synthetic)
W-111-E2,W-111,2657,Barail,mud_loss,47 bbl/hr,5.5,"Pumped 2 LCM pills, losses continued; set cement plug",No,DDR #38 (synthetic)
W-112-E1,W-112,2650,Barail,stuck_pipe,overpull 42 klbs,8.9,"Could not free pipe, backed off and fished; sidetracked",No,DDR #38 (synthetic)
W-112-E2,W-112,2929,Barail,torque_spike,torque up to 23 kft-lbs,3.8,"Reduced WOB and RPM, circulated hole clean",Yes,DDR #42 (synthetic)
W-112-E3,W-112,3189,Kopili,wellbore_instability,"tight hole, heavy cavings",2.5,"Raised MW by 0.2 ppg, added KCl/polymer inhibitor, reamed tight spots",Yes,DDR #46 (synthetic)
W-113-E1,W-113,1111,Girujan,wellbore_instability,"tight hole, heavy cavings",3.4,"Back-reamed tight section, pumped hi-vis sweep",Yes,DDR #16 (synthetic)
W-113-E2,W-113,1946,Tipam,mud_loss,57 bbl/hr,6.7,"Reduced flow rate to 550 gpm, pumped 30 bbl LCM pill",Yes,DDR #28 (synthetic)
W-113-E3,W-113,2595,Tipam,cementing_issue,poor CBL across Tipam,11.0,Squeeze cement job performed after poor CBL,Yes,DDR #38 (synthetic)
W-113-E4,W-113,2690,Barail,mud_loss,32 bbl/hr,3.7,"Pumped 2 LCM pills, losses continued; set cement plug",No,DDR #39 (synthetic)
W-113-E5,W-113,3143,Barail,torque_spike,torque up to 23 kft-lbs,3.9,"Added lubricant (2%) to mud, torque normalised",Yes,DDR #45 (synthetic)
W-114-E1,W-114,1136,Girujan,wellbore_instability,"tight hole, heavy cavings",2.9,"Back-reamed tight section, pumped hi-vis sweep",Yes,DDR #17 (synthetic)
W-114-E2,W-114,1851,Tipam,mud_loss,37 bbl/hr,4.2,"Pumped 2 LCM pills, losses continued; set cement plug",No,DDR #27 (synthetic)
W-114-E3,W-114,2759,Barail,torque_spike,torque up to 23 kft-lbs,3.9,"Added lubricant (2%) to mud, torque normalised",Yes,DDR #40 (synthetic)
W-114-E4,W-114,3075,Kopili,wellbore_instability,"tight hole, heavy cavings",3.3,"Raised MW by 0.2 ppg, added KCl/polymer inhibitor, reamed tight spots",Yes,DDR #44 (synthetic)
W-115-E1,W-115,1433,Girujan,bit_problem,ROP dropped 53%,2.8,"Pulled out, found balled bit; changed bit, added anti-balling agent",Yes,DDR #21 (synthetic)
W-115-E2,W-115,1930,Tipam,mud_loss,27 bbl/hr,3.2,"Reduced flow rate to 550 gpm, pumped 30 bbl LCM pill",Yes,DDR #28 (synthetic)
W-115-E3,W-115,3278,Kopili,kick,18 bbl pit gain,6.3,"Shut in well, circulated out kick with 0.5 ppg heavier kill mud",Yes,DDR #47 (synthetic)
